paper_id	pred_class_label	true_class_label
293285	Reinforcement_Learning	Theory
117328	Case_Based	Case_Based
61312	Genetic_Algorithms	Genetic_Algorithms
1137140	Neural_Networks	Neural_Networks
626530	Probabilistic_Methods	Probabilistic_Methods
45052	Probabilistic_Methods	Probabilistic_Methods
1130243	Probabilistic_Methods	Probabilistic_Methods
31769	Neural_Networks	Neural_Networks
646286	Probabilistic_Methods	Probabilistic_Methods
1117760	Reinforcement_Learning	Reinforcement_Learning
1129243	Reinforcement_Learning	Reinforcement_Learning
107251	Theory	Theory
128383	Case_Based	Case_Based
1109830	Neural_Networks	Neural_Networks
1122460	Neural_Networks	Neural_Networks
3101	Case_Based	Case_Based
1113934	Case_Based	Case_Based
1132857	Probabilistic_Methods	Probabilistic_Methods
78552	Neural_Networks	Neural_Networks
662572	Probabilistic_Methods	Neural_Networks
273152	Genetic_Algorithms	Genetic_Algorithms
648112	Neural_Networks	Neural_Networks
1125492	Genetic_Algorithms	Genetic_Algorithms
379288	Case_Based	Case_Based
66556	Genetic_Algorithms	Genetic_Algorithms
94713	Probabilistic_Methods	Probabilistic_Methods
10169	Theory	Theory
13208	Reinforcement_Learning	Reinforcement_Learning
643695	Probabilistic_Methods	Probabilistic_Methods
399370	Neural_Networks	Neural_Networks
46500	Theory	Theory
33013	Reinforcement_Learning	Reinforcement_Learning
1997	Theory	Probabilistic_Methods
126912	Probabilistic_Methods	Probabilistic_Methods
15889	Case_Based	Case_Based
671293	Neural_Networks	Probabilistic_Methods
17363	Neural_Networks	Neural_Networks
853118	Neural_Networks	Neural_Networks
15076	Neural_Networks	Neural_Networks
1133846	Neural_Networks	Neural_Networks
396412	Neural_Networks	Neural_Networks
6217	Case_Based	Reinforcement_Learning
575795	Genetic_Algorithms	Genetic_Algorithms
132806	Genetic_Algorithms	Genetic_Algorithms
632935	Probabilistic_Methods	Probabilistic_Methods
161221	Neural_Networks	Neural_Networks
102939	Neural_Networks	Neural_Networks
436796	Neural_Networks	Neural_Networks
294145	Rule_Learning	Rule_Learning
1114184	Neural_Networks	Neural_Networks
259701	Genetic_Algorithms	Genetic_Algorithms
77438	Probabilistic_Methods	Probabilistic_Methods
24966	Neural_Networks	Theory
1105231	Genetic_Algorithms	Genetic_Algorithms
7022	Neural_Networks	Neural_Networks
7432	Reinforcement_Learning	Reinforcement_Learning
617378	Neural_Networks	Neural_Networks
59244	Case_Based	Case_Based
1126050	Reinforcement_Learning	Reinforcement_Learning
131042	Neural_Networks	Neural_Networks
628667	Reinforcement_Learning	Reinforcement_Learning
13024	Rule_Learning	Rule_Learning
582349	Theory	Neural_Networks
10186	Theory	Theory
193932	Neural_Networks	Neural_Networks
8213	Reinforcement_Learning	Reinforcement_Learning
31932	Neural_Networks	Neural_Networks
28674	Theory	Theory
1154071	Probabilistic_Methods	Probabilistic_Methods
1153264	Rule_Learning	Theory
1129368	Genetic_Algorithms	Genetic_Algorithms
1125944	Probabilistic_Methods	Case_Based
801170	Genetic_Algorithms	Genetic_Algorithms
4553	Rule_Learning	Rule_Learning
1117653	Neural_Networks	Neural_Networks
1119654	Theory	Case_Based
1104999	Genetic_Algorithms	Genetic_Algorithms
24476	Probabilistic_Methods	Probabilistic_Methods
175256	Genetic_Algorithms	Genetic_Algorithms
273949	Neural_Networks	Theory
1106492	Theory	Rule_Learning
1103960	Genetic_Algorithms	Genetic_Algorithms
9513	Theory	Theory
1113852	Theory	Theory
7532	Neural_Networks	Neural_Networks
131317	Neural_Networks	Neural_Networks
15987	Probabilistic_Methods	Probabilistic_Methods
52835	Rule_Learning	Rule_Learning
1128314	Genetic_Algorithms	Genetic_Algorithms
656231	Case_Based	Case_Based
10981	Neural_Networks	Neural_Networks
169280	Probabilistic_Methods	Neural_Networks
1152307	Case_Based	Case_Based
182093	Genetic_Algorithms	Reinforcement_Learning
1152944	Reinforcement_Learning	Reinforcement_Learning
389715	Theory	Theory
28227	Reinforcement_Learning	Reinforcement_Learning
1131752	Genetic_Algorithms	Genetic_Algorithms
218682	Case_Based	Case_Based
594900	Genetic_Algorithms	Genetic_Algorithms
1131728	Case_Based	Case_Based
593105	Genetic_Algorithms	Genetic_Algorithms
1107674	Genetic_Algorithms	Genetic_Algorithms
31336	Neural_Networks	Neural_Networks
57922	Theory	Theory
545647	Theory	Theory
75318	Neural_Networks	Neural_Networks
20601	Theory	Theory
1154230	Probabilistic_Methods	Probabilistic_Methods
258259	Neural_Networks	Neural_Networks
1104435	Probabilistic_Methods	Probabilistic_Methods
653628	Rule_Learning	Rule_Learning
1107067	Theory	Case_Based
1104449	Neural_Networks	Neural_Networks
3187	Probabilistic_Methods	Probabilistic_Methods
72056	Neural_Networks	Neural_Networks
61069	Genetic_Algorithms	Genetic_Algorithms
523394	Probabilistic_Methods	Probabilistic_Methods
56112	Genetic_Algorithms	Genetic_Algorithms
6125	Theory	Theory
1132864	Probabilistic_Methods	Probabilistic_Methods
95198	Case_Based	Case_Based
632796	Probabilistic_Methods	Probabilistic_Methods
38000	Rule_Learning	Rule_Learning
444240	Theory	Genetic_Algorithms
1105116	Probabilistic_Methods	Probabilistic_Methods
3084	Case_Based	Case_Based
14531	Case_Based	Case_Based
31353	Neural_Networks	Neural_Networks
754594	Neural_Networks	Neural_Networks
33325	Theory	Theory
47570	Case_Based	Case_Based
42209	Theory	Theory
1107319	Theory	Theory
2702	Neural_Networks	Neural_Networks
75691	Neural_Networks	Neural_Networks
175576	Theory	Theory
1133028	Theory	Theory
1107861	Theory	Theory
321861	Theory	Theory
519353	Probabilistic_Methods	Probabilistic_Methods
1102407	Neural_Networks	Neural_Networks
1114864	Case_Based	Case_Based
633585	Probabilistic_Methods	Probabilistic_Methods
193352	Rule_Learning	Rule_Learning
1110579	Case_Based	Case_Based
44368	Genetic_Algorithms	Genetic_Algorithms
12198	Theory	Theory
188471	Reinforcement_Learning	Reinforcement_Learning
152483	Genetic_Algorithms	Genetic_Algorithms
95188	Case_Based	Case_Based
1111899	Case_Based	Case_Based
8875	Genetic_Algorithms	Genetic_Algorithms
49720	Probabilistic_Methods	Probabilistic_Methods
248425	Genetic_Algorithms	Genetic_Algorithms
4274	Rule_Learning	Case_Based
35852	Reinforcement_Learning	Reinforcement_Learning
101263	Theory	Theory
210872	Genetic_Algorithms	Genetic_Algorithms
1130856	Genetic_Algorithms	Genetic_Algorithms
116512	Probabilistic_Methods	Neural_Networks
469504	Neural_Networks	Neural_Networks
1134348	Probabilistic_Methods	Probabilistic_Methods
560936	Neural_Networks	Neural_Networks
1953	Case_Based	Case_Based
14529	Case_Based	Case_Based
815073	Neural_Networks	Neural_Networks
1153003	Rule_Learning	Neural_Networks
42847	Neural_Networks	Neural_Networks
647408	Genetic_Algorithms	Genetic_Algorithms
23738	Theory	Theory
671269	Neural_Networks	Neural_Networks
87417	Genetic_Algorithms	Genetic_Algorithms
36145	Neural_Networks	Neural_Networks
342802	Neural_Networks	Neural_Networks
85449	Theory	Neural_Networks
531351	Probabilistic_Methods	Probabilistic_Methods
566488	Case_Based	Case_Based
28278	Reinforcement_Learning	Reinforcement_Learning
51909	Rule_Learning	Rule_Learning
189623	Probabilistic_Methods	Probabilistic_Methods
1132731	Genetic_Algorithms	Genetic_Algorithms
463	Case_Based	Case_Based
7419	Reinforcement_Learning	Reinforcement_Learning
238099	Rule_Learning	Rule_Learning
31083	Theory	Theory
756061	Neural_Networks	Neural_Networks
4649	Rule_Learning	Rule_Learning
160705	Neural_Networks	Neural_Networks
1115375	Neural_Networks	Neural_Networks
16485	Neural_Networks	Neural_Networks
1130356	Theory	Theory
1120084	Neural_Networks	Neural_Networks
1140040	Neural_Networks	Neural_Networks
12558	Genetic_Algorithms	Genetic_Algorithms
1131150	Neural_Networks	Neural_Networks
6771	Theory	Theory
1131165	Probabilistic_Methods	Probabilistic_Methods
22386	Case_Based	Case_Based
18251	Case_Based	Case_Based
608292	Genetic_Algorithms	Genetic_Algorithms
1786	Theory	Rule_Learning
682508	Probabilistic_Methods	Probabilistic_Methods
1112665	Case_Based	Neural_Networks
596075	Case_Based	Case_Based
577331	Genetic_Algorithms	Genetic_Algorithms
193354	Rule_Learning	Rule_Learning
630817	Theory	Neural_Networks
1129015	Genetic_Algorithms	Genetic_Algorithms
1116181	Reinforcement_Learning	Theory
1136442	Neural_Networks	Neural_Networks
458439	Rule_Learning	Theory
1153879	Case_Based	Case_Based
240791	Neural_Networks	Genetic_Algorithms
1152663	Reinforcement_Learning	Reinforcement_Learning
38537	Probabilistic_Methods	Probabilistic_Methods
214472	Reinforcement_Learning	Reinforcement_Learning
561581	Probabilistic_Methods	Probabilistic_Methods
593329	Genetic_Algorithms	Genetic_Algorithms
643239	Probabilistic_Methods	Probabilistic_Methods
1111788	Theory	Theory
135765	Rule_Learning	Rule_Learning
36167	Reinforcement_Learning	Reinforcement_Learning
13656	Neural_Networks	Neural_Networks
8865	Genetic_Algorithms	Genetic_Algorithms
170338	Reinforcement_Learning	Reinforcement_Learning
20942	Theory	Theory
643734	Neural_Networks	Neural_Networks
69397	Case_Based	Theory
28287	Reinforcement_Learning	Reinforcement_Learning
107252	Theory	Theory
142268	Probabilistic_Methods	Probabilistic_Methods
28389	Reinforcement_Learning	Reinforcement_Learning
10798	Rule_Learning	Case_Based
116553	Genetic_Algorithms	Genetic_Algorithms
617575	Neural_Networks	Neural_Networks
644363	Probabilistic_Methods	Probabilistic_Methods
593210	Genetic_Algorithms	Genetic_Algorithms
13686	Neural_Networks	Neural_Networks
1136447	Neural_Networks	Neural_Networks
169279	Probabilistic_Methods	Neural_Networks
20526	Reinforcement_Learning	Reinforcement_Learning
467383	Genetic_Algorithms	Genetic_Algorithms
411005	Neural_Networks	Neural_Networks
1115677	Case_Based	Neural_Networks
910	Neural_Networks	Neural_Networks
662416	Probabilistic_Methods	Probabilistic_Methods
1152436	Case_Based	Case_Based
94416	Rule_Learning	Rule_Learning
84021	Genetic_Algorithms	Genetic_Algorithms
446610	Probabilistic_Methods	Probabilistic_Methods
191216	Neural_Networks	Neural_Networks
708945	Neural_Networks	Neural_Networks
561611	Probabilistic_Methods	Probabilistic_Methods
25413	Rule_Learning	Rule_Learning
1130634	Neural_Networks	Neural_Networks
310742	Probabilistic_Methods	Probabilistic_Methods
235776	Theory	Theory
1129443	Neural_Networks	Neural_Networks
217115	Theory	Theory
1107385	Neural_Networks	Neural_Networks
178718	Genetic_Algorithms	Genetic_Algorithms
579108	Genetic_Algorithms	Genetic_Algorithms
1154103	Probabilistic_Methods	Probabilistic_Methods
328370	Neural_Networks	Neural_Networks
162080	Neural_Networks	Neural_Networks
285687	Neural_Networks	Neural_Networks
1129021	Genetic_Algorithms	Genetic_Algorithms
353541	Reinforcement_Learning	Neural_Networks
746058	Neural_Networks	Neural_Networks
1111186	Neural_Networks	Neural_Networks
1122704	Neural_Networks	Neural_Networks
593068	Genetic_Algorithms	Genetic_Algorithms
687401	Neural_Networks	Neural_Networks
124734	Theory	Theory
179702	Neural_Networks	Neural_Networks
1114125	Reinforcement_Learning	Reinforcement_Learning
27623	Reinforcement_Learning	Neural_Networks
1031453	Reinforcement_Learning	Neural_Networks
1951	Case_Based	Case_Based
1124844	Neural_Networks	Neural_Networks
6818	Probabilistic_Methods	Probabilistic_Methods
221302	Case_Based	Case_Based
7430	Reinforcement_Learning	Reinforcement_Learning
606647	Genetic_Algorithms	Genetic_Algorithms
249421	Neural_Networks	Neural_Networks
714260	Probabilistic_Methods	Probabilistic_Methods
94639	Genetic_Algorithms	Genetic_Algorithms
1119987	Case_Based	Case_Based
1102364	Probabilistic_Methods	Probabilistic_Methods
1120138	Neural_Networks	Neural_Networks
216877	Theory	Rule_Learning
1129573	Genetic_Algorithms	Genetic_Algorithms
1153091	Rule_Learning	Rule_Learning
230884	Neural_Networks	Neural_Networks
16843	Probabilistic_Methods	Probabilistic_Methods
162075	Neural_Networks	Neural_Networks
1114512	Rule_Learning	Rule_Learning
158172	Probabilistic_Methods	Probabilistic_Methods
308529	Reinforcement_Learning	Reinforcement_Learning
1104261	Theory	Theory
3192	Probabilistic_Methods	Probabilistic_Methods
28957	Probabilistic_Methods	Probabilistic_Methods
65212	Probabilistic_Methods	Neural_Networks
263279	Genetic_Algorithms	Genetic_Algorithms
10531	Neural_Networks	Neural_Networks
31483	Probabilistic_Methods	Probabilistic_Methods
154982	Theory	Probabilistic_Methods
567005	Reinforcement_Learning	Neural_Networks
151430	Rule_Learning	Rule_Learning
6311	Theory	Theory
28456	Reinforcement_Learning	Theory
628668	Reinforcement_Learning	Reinforcement_Learning
1107136	Genetic_Algorithms	Genetic_Algorithms
1112426	Neural_Networks	Neural_Networks
1127863	Rule_Learning	Rule_Learning
69198	Neural_Networks	Neural_Networks
590022	Probabilistic_Methods	Probabilistic_Methods
421481	Probabilistic_Methods	Probabilistic_Methods
1033	Genetic_Algorithms	Genetic_Algorithms
134307	Probabilistic_Methods	Probabilistic_Methods
75969	Rule_Learning	Rule_Learning
219446	Neural_Networks	Neural_Networks
385067	Case_Based	Case_Based
112787	Case_Based	Case_Based
1120431	Neural_Networks	Neural_Networks
1115790	Neural_Networks	Neural_Networks
7867	Genetic_Algorithms	Case_Based
85452	Theory	Theory
1104379	Neural_Networks	Neural_Networks
133553	Neural_Networks	Neural_Networks
1128319	Genetic_Algorithms	Genetic_Algorithms
523010	Neural_Networks	Neural_Networks
3220	Case_Based	Neural_Networks
601561	Rule_Learning	Rule_Learning
989397	Theory	Theory
1125467	Theory	Probabilistic_Methods
29738	Theory	Probabilistic_Methods
1132434	Neural_Networks	Neural_Networks
334153	Theory	Theory
1131634	Neural_Networks	Neural_Networks
299195	Reinforcement_Learning	Neural_Networks
13982	Theory	Theory
1113742	Genetic_Algorithms	Genetic_Algorithms
166989	Theory	Theory
162664	Probabilistic_Methods	Probabilistic_Methods
644577	Probabilistic_Methods	Probabilistic_Methods
1103162	Reinforcement_Learning	Reinforcement_Learning
1116594	Neural_Networks	Neural_Networks
762980	Neural_Networks	Neural_Networks
854434	Neural_Networks	Neural_Networks
1153933	Neural_Networks	Neural_Networks
286513	Genetic_Algorithms	Genetic_Algorithms
